Entity;accident;total_no_of_ops_occurrences;ri_a;smi_a;upa_a;ri_b;smi_b;upa_b;ri_c;smi_c;upa_c;ri_d;smi_d;upa_d;ri_e;smi_e;upa_e;total_no_of_tech_occurrences;t_aa;t_a;t_b;t_c;t_d;t_e;total_number_of_all_reported_occurrences;year;flight_hours
Entity 1;;;;;;;;;;;;;;;;;;;;;;;;;;;
Entity 2;;;;;;;;;;;;;;;;;;;;;;;;;;;
Entity 3;;;;;;;;;;;;;;;;;;;;;;;;;;;
Entity 1;;;;;;;;;;;;;;;;;;;;;;;;;;;
Entity 2;;;;;;;;;;;;;;;;;;;;;;;;;;;
Entity 3;;;;;;;;;;;;;;;;;;;;;;;;;;;
Entity 1;;;;;;;;;;;;;;;;;;;;;;;;;;;
Entity 2;;;;;;;;;;;;;;;;;;;;;;;;;;;
Entity 3;;;;;;;;;;;;;;;;;;;;;;;;;;;
